<?xml version="1.0" encoding="UTF-8"?>
<!DOCTYPE properties SYSTEM "http://java.sun.com/dtd/properties.dtd">
<properties>
    <comment>ISO 639-3 Standard</comment>
    <entry key="afr">Afrikaans</entry>
    <entry key="amh">Amharic</entry>
    <entry key="ara">Arabic</entry>
    <entry key="asm">Assamese</entry>
    <entry key="aze">Azerbaijani</entry>
    <entry key="aze_cyrl">Azerbaijani Cyrillic</entry>
    <entry key="ban">Bangla</entry>
    <entry key="bel">Belarusian</entry>
    <entry key="ben">Bengali</entry>
    <entry key="bih">Bihari</entry>
    <entry key="bod">Tibetan</entry>
    <entry key="bos">Bosnian</entry>
    <entry key="bre">Breton</entry>
    <entry key="bul">Bulgarian</entry>
    <entry key="cat">Catalan</entry>
    <entry key="ceb">Cebuano</entry>
    <entry key="ces">Czech</entry>
    <entry key="chi_sim">Chinese (simplified)</entry>
    <entry key="chi_tra">Chinese (traditional)</entry>
    <entry key="chr">Cherokee</entry>
    <entry key="cop">Coptic</entry>
    <entry key="cos">Corsican</entry>
    <entry key="cym">Welsh</entry>
    <entry key="dan">Danish</entry>
    <entry key="dan_frak">Danish (Fraktur)</entry>
    <entry key="deu">German</entry>
    <entry key="deu_f">Fraktur</entry>
    <entry key="deu_frak">German (Fraktur)</entry>
    <entry key="div">Dhivehi</entry>
    <entry key="dzo">Dzongkha</entry>
    <entry key="ell">Greek</entry>
    <entry key="equ">Math/Equation</entry>
    <entry key="eng">English</entry>
    <entry key="enm">Middle English</entry>
    <entry key="epo">Esperanto</entry>
    <entry key="est">Estonian</entry>
    <entry key="eus">Basque</entry>
    <entry key="fao">Faroese</entry>
    <entry key="fas">Persian</entry>
    <entry key="fil">Filipino</entry>
    <entry key="fin">Finnish</entry>
    <entry key="fra">French</entry>
    <entry key="frk">Frankish</entry>
    <entry key="frm">Middle French</entry>
    <entry key="fry">Western Frisian</entry>
    <entry key="gla">Scottish Gaelic</entry>
    <entry key="gle">Irish</entry>
    <entry key="glg">Galician</entry>
    <entry key="grc">Ancient Greek</entry>
    <entry key="guj">Gujarati</entry>
    <entry key="hat">Haitian</entry>
    <entry key="heb">Hebrew</entry>
    <entry key="hin">Hindi</entry>
    <entry key="hrv">Croatian</entry>
    <entry key="hun">Hungarian</entry>
    <entry key="hye">Armenian</entry>
    <entry key="iku">Inuktitut</entry>
    <entry key="ind">Indonesian</entry>
    <entry key="isl">Icelandic</entry>
    <entry key="ita">Italian</entry>
    <entry key="ita_old">Old Italian</entry>
    <entry key="jav">Javanese</entry>
    <entry key="jpn">Japanese</entry>
    <entry key="kan">Kannada</entry>
    <entry key="kat">Georgian</entry>
    <entry key="kat_old">Old Georgian</entry>
    <entry key="kaz">Kazakh</entry>
    <entry key="khm">Khmer</entry>
    <entry key="kir">Kirghiz</entry>
    <entry key="kor">Korean</entry>
    <entry key="kur">Kurdish</entry>
    <entry key="kmr">Kurdish Arabic</entry>
    <entry key="lao">Lao</entry>
    <entry key="lat">Latin</entry>
    <entry key="lav">Latvian</entry>
    <entry key="lit">Lithuanian</entry>
    <entry key="ltz">Luxembourgish</entry>
    <entry key="mal">Malayalam</entry>
    <entry key="mar">Marathi</entry>
    <entry key="mkd">Macedonian</entry>
    <entry key="mlt">Maltese</entry>
    <entry key="msa">Malay</entry>
    <entry key="mya">Burmese</entry>
    <entry key="mon">Mongolian</entry>
    <entry key="mri">Maori</entry>
    <entry key="nep">Nepali</entry>
    <entry key="nld">Dutch</entry>
    <entry key="nor">Norwegian</entry>
    <entry key="oci">Occitan</entry>
    <entry key="ori">Oriya</entry>
    <entry key="osd">OSD</entry>
    <entry key="pan">Punjabi</entry>
    <entry key="pol">Polish</entry>
    <entry key="por">Portuguese</entry>
    <entry key="pus">Pushto</entry>
    <entry key="ron">Romanian</entry>
    <entry key="rus">Russian</entry>
    <entry key="san">Sanskrit</entry>
    <entry key="que">Quechua</entry>
    <entry key="sin">Sinhala</entry>
    <entry key="slk">Slovak</entry>
    <entry key="slk_frak">Slovakian Fraktur</entry>
    <entry key="slv">Slovenian</entry>
    <entry key="snd">Sindhi</entry>
    <entry key="spa">Spanish</entry>
    <entry key="spa_old">Old Spanish</entry>
    <entry key="sqi">Albanian</entry>
    <entry key="srp">Serbian</entry>
    <entry key="srp_latn">Serbian Latin</entry>
    <entry key="sun">Sundanese</entry>
    <entry key="swa">Swahili</entry>
    <entry key="swe">Swedish</entry>
    <entry key="swe_frak">Swedish (Fraktur)</entry>
    <entry key="syr">Syriac</entry>
    <entry key="tam">Tamil</entry>
    <entry key="tat">Tatar</entry>
    <entry key="tel">Telugu</entry>
    <entry key="tgk">Tajik</entry>
    <entry key="tgl">Tagalog</entry>
    <entry key="tha">Thai</entry>
    <entry key="tir">Tigrinya</entry>
    <entry key="ton">Tonga</entry>
    <entry key="tur">Turkish</entry>
    <entry key="uig">Uighur</entry>
    <entry key="ukr">Ukrainian</entry>
    <entry key="urd">Urdu</entry>
    <entry key="uzb">Uzbek</entry>
    <entry key="uzb_cyrl">Uzbek Cyrillic</entry>
    <entry key="vie">Vietnamese</entry>
    <entry key="yid">Yiddish</entry>
    <entry key="yor">Yoruba</entry>
    <entry key="Arabic">Arabic Script</entry>
    <entry key="Armenian">Armenian Script</entry>
    <entry key="Bengali">Bengali Script</entry>
    <entry key="Canadian_Aboriginal">Canadian_Aboriginal Script</entry>
    <entry key="Cherokee">Cherokee Script</entry>
    <entry key="Cyrillic">Cyrillic Script</entry>
    <entry key="Devanagari">Devanagari Script</entry>
    <entry key="Ethiopic">Ethiopic Script</entry>
    <entry key="Fraktur">Fraktur Script</entry>
    <entry key="Georgian">Georgian Script</entry>
    <entry key="Greek">Greek Script</entry>
    <entry key="Gujarati">Gujarati Script</entry>
    <entry key="Gurmukhi">Gurmukhi Script</entry>
    <entry key="HanS">HanS Script</entry>
    <entry key="HanS_vert">HanS_vert Script</entry>
    <entry key="HanT">HanT Script</entry>
    <entry key="HanT_vert">HanT_vert Script</entry>
    <entry key="Hangul">Hangul Script</entry>
    <entry key="Hangul_vert">Hangul_vert Script</entry>
    <entry key="Hebrew">Hebrew Script</entry>
    <entry key="Japanese">Japanese Script</entry>
    <entry key="Japanese_vert">Japanese_vert Script</entry>
    <entry key="Kannada">Kannada Script</entry>
    <entry key="Khmer">Khmer Script</entry>
    <entry key="Lao">Lao Script</entry>
    <entry key="Latin">Latin Script</entry>
    <entry key="Malayalam">Malayalam Script</entry>
    <entry key="Myanmar">Myanmar Script</entry>
    <entry key="Oriya">Oriya Script</entry>
    <entry key="Sinhala">Sinhala Script</entry>
    <entry key="Syriac">Syriac Script</entry>
    <entry key="Tamil">Tamil Script</entry>
    <entry key="Telugu">Telugu Script</entry>
    <entry key="Thaana">Thaana Script</entry>
    <entry key="Thai">Thai Script</entry>
    <entry key="Tibetan">Tibetan Script</entry>
    <entry key="Vietnamese">Vietnamese Script</entry>
</properties>