<?xml version="1.0" encoding="UTF-8"?>
<!DOCTYPE properties SYSTEM "http://java.sun.com/dtd/properties.dtd">
<properties>
    <comment>Tesseract 4.00 fast language data packs</comment>
    <entry key="afr">https://github.com/tesseract-ocr/tessdata_fast/raw/master/afr.traineddata</entry>
    <entry key="amh">https://github.com/tesseract-ocr/tessdata_fast/raw/master/amh.traineddata</entry>
    <entry key="ara">https://github.com/tesseract-ocr/tessdata_fast/raw/master/ara.traineddata</entry>
    <entry key="asm">https://github.com/tesseract-ocr/tessdata_fast/raw/master/asm.traineddata</entry>
    <entry key="aze">https://github.com/tesseract-ocr/tessdata_fast/raw/master/aze.traineddata</entry>
    <entry key="aze_cyrl">https://github.com/tesseract-ocr/tessdata_fast/raw/master/aze_cyrl.traineddata</entry>
    <entry key="bel">https://github.com/tesseract-ocr/tessdata_fast/raw/master/bel.traineddata</entry>
    <entry key="ben">https://github.com/tesseract-ocr/tessdata_fast/raw/master/ben.traineddata</entry>
    <entry key="bod">https://github.com/tesseract-ocr/tessdata_fast/raw/master/bod.traineddata</entry>
    <entry key="bos">https://github.com/tesseract-ocr/tessdata_fast/raw/master/bos.traineddata</entry>
    <entry key="bre">https://github.com/tesseract-ocr/tessdata_fast/raw/master/bre.traineddata</entry>
    <entry key="bul">https://github.com/tesseract-ocr/tessdata_fast/raw/master/bul.traineddata</entry>
    <entry key="cat">https://github.com/tesseract-ocr/tessdata_fast/raw/master/cat.traineddata</entry>
    <entry key="ceb">https://github.com/tesseract-ocr/tessdata_fast/raw/master/ceb.traineddata</entry>
    <entry key="ces">https://github.com/tesseract-ocr/tessdata_fast/raw/master/ces.traineddata</entry>
    <entry key="chi_sim">https://github.com/tesseract-ocr/tessdata_fast/raw/master/chi_sim.traineddata</entry>
    <entry key="chi_sim_vert">https://github.com/tesseract-ocr/tessdata_fast/raw/master/chi_sim_vert.traineddata</entry>
    <entry key="chi_tra">https://github.com/tesseract-ocr/tessdata_fast/raw/master/chi_tra.traineddata</entry>
    <entry key="chi_tra_vert">https://github.com/tesseract-ocr/tessdata_fast/raw/master/chi_tra_vert.traineddata</entry>
    <entry key="chr">https://github.com/tesseract-ocr/tessdata_fast/raw/master/chr.traineddata</entry>
    <entry key="cos">https://github.com/tesseract-ocr/tessdata_fast/raw/master/cos.traineddata</entry>
    <entry key="cym">https://github.com/tesseract-ocr/tessdata_fast/raw/master/cym.traineddata</entry>
    <entry key="dan">https://github.com/tesseract-ocr/tessdata_fast/raw/master/dan.traineddata</entry>
    <entry key="deu">https://github.com/tesseract-ocr/tessdata_fast/raw/master/deu.traineddata</entry>
    <entry key="div">https://github.com/tesseract-ocr/tessdata_fast/raw/master/div.traineddata</entry>
    <entry key="dzo">https://github.com/tesseract-ocr/tessdata_fast/raw/master/dzo.traineddata</entry>
    <entry key="ell">https://github.com/tesseract-ocr/tessdata_fast/raw/master/ell.traineddata</entry>
    <entry key="eng">https://github.com/tesseract-ocr/tessdata_fast/raw/master/eng.traineddata</entry>
    <entry key="enm">https://github.com/tesseract-ocr/tessdata_fast/raw/master/enm.traineddata</entry>
    <entry key="epo">https://github.com/tesseract-ocr/tessdata_fast/raw/master/epo.traineddata</entry>
    <entry key="equ">https://github.com/tesseract-ocr/tessdata/raw/3.04.00/equ.traineddata</entry>
    <entry key="est">https://github.com/tesseract-ocr/tessdata_fast/raw/master/est.traineddata</entry>
    <entry key="eus">https://github.com/tesseract-ocr/tessdata_fast/raw/master/eus.traineddata</entry>
    <entry key="fao">https://github.com/tesseract-ocr/tessdata_fast/raw/master/fao.traineddata</entry>
    <entry key="fas">https://github.com/tesseract-ocr/tessdata_fast/raw/master/fas.traineddata</entry>
    <entry key="fil">https://github.com/tesseract-ocr/tessdata_fast/raw/master/fil.traineddata</entry>
    <entry key="fin">https://github.com/tesseract-ocr/tessdata_fast/raw/master/fin.traineddata</entry>
    <entry key="fra">https://github.com/tesseract-ocr/tessdata_fast/raw/master/fra.traineddata</entry>
    <entry key="frk">https://github.com/tesseract-ocr/tessdata_fast/raw/master/frk.traineddata</entry>
    <entry key="frm">https://github.com/tesseract-ocr/tessdata_fast/raw/master/frm.traineddata</entry>
    <entry key="fry">https://github.com/tesseract-ocr/tessdata_fast/raw/master/fry.traineddata</entry>
    <entry key="gla">https://github.com/tesseract-ocr/tessdata_fast/raw/master/gla.traineddata</entry>
    <entry key="gle">https://github.com/tesseract-ocr/tessdata_fast/raw/master/gle.traineddata</entry>
    <entry key="glg">https://github.com/tesseract-ocr/tessdata_fast/raw/master/glg.traineddata</entry>
    <entry key="grc">https://github.com/tesseract-ocr/tessdata_fast/raw/master/grc.traineddata</entry>
    <entry key="guj">https://github.com/tesseract-ocr/tessdata_fast/raw/master/guj.traineddata</entry>
    <entry key="hat">https://github.com/tesseract-ocr/tessdata_fast/raw/master/hat.traineddata</entry>
    <entry key="heb">https://github.com/tesseract-ocr/tessdata_fast/raw/master/heb.traineddata</entry>
    <entry key="hin">https://github.com/tesseract-ocr/tessdata_fast/raw/master/hin.traineddata</entry>
    <entry key="hrv">https://github.com/tesseract-ocr/tessdata_fast/raw/master/hrv.traineddata</entry>
    <entry key="hun">https://github.com/tesseract-ocr/tessdata_fast/raw/master/hun.traineddata</entry>
    <entry key="hye">https://github.com/tesseract-ocr/tessdata_fast/raw/master/hye.traineddata</entry>
    <entry key="iku">https://github.com/tesseract-ocr/tessdata_fast/raw/master/iku.traineddata</entry>
    <entry key="ind">https://github.com/tesseract-ocr/tessdata_fast/raw/master/ind.traineddata</entry>
    <entry key="isl">https://github.com/tesseract-ocr/tessdata_fast/raw/master/isl.traineddata</entry>
    <entry key="ita">https://github.com/tesseract-ocr/tessdata_fast/raw/master/ita.traineddata</entry>
    <entry key="ita_old">https://github.com/tesseract-ocr/tessdata_fast/raw/master/ita_old.traineddata</entry>
    <entry key="jav">https://github.com/tesseract-ocr/tessdata_fast/raw/master/jav.traineddata</entry>
    <entry key="jpn">https://github.com/tesseract-ocr/tessdata_fast/raw/master/jpn.traineddata</entry>
    <entry key="jpn_vert">https://github.com/tesseract-ocr/tessdata_fast/raw/master/jpn_vert.traineddata</entry>
    <entry key="kan">https://github.com/tesseract-ocr/tessdata_fast/raw/master/kan.traineddata</entry>
    <entry key="kat">https://github.com/tesseract-ocr/tessdata_fast/raw/master/kat.traineddata</entry>
    <entry key="kat_old">https://github.com/tesseract-ocr/tessdata_fast/raw/master/kat_old.traineddata</entry>
    <entry key="kaz">https://github.com/tesseract-ocr/tessdata_fast/raw/master/kaz.traineddata</entry>
    <entry key="khm">https://github.com/tesseract-ocr/tessdata_fast/raw/master/khm.traineddata</entry>
    <entry key="kir">https://github.com/tesseract-ocr/tessdata_fast/raw/master/kir.traineddata</entry>
    <entry key="kor">https://github.com/tesseract-ocr/tessdata_fast/raw/master/kor.traineddata</entry>
    <entry key="kor_vert">https://github.com/tesseract-ocr/tessdata_fast/raw/master/kor_vert.traineddata</entry>
    <entry key="kmr">https://github.com/tesseract-ocr/tessdata_fast/raw/master/kmr.traineddata</entry>
    <entry key="lao">https://github.com/tesseract-ocr/tessdata_fast/raw/master/lao.traineddata</entry>
    <entry key="lat">https://github.com/tesseract-ocr/tessdata_fast/raw/master/lat.traineddata</entry>
    <entry key="lav">https://github.com/tesseract-ocr/tessdata_fast/raw/master/lav.traineddata</entry>
    <entry key="lit">https://github.com/tesseract-ocr/tessdata_fast/raw/master/lit.traineddata</entry>
    <entry key="ltz">https://github.com/tesseract-ocr/tessdata_fast/raw/master/ltz.traineddata</entry>
    <entry key="mal">https://github.com/tesseract-ocr/tessdata_fast/raw/master/mal.traineddata</entry>
    <entry key="mar">https://github.com/tesseract-ocr/tessdata_fast/raw/master/mar.traineddata</entry>
    <entry key="mkd">https://github.com/tesseract-ocr/tessdata_fast/raw/master/mkd.traineddata</entry>
    <entry key="mlt">https://github.com/tesseract-ocr/tessdata_fast/raw/master/mlt.traineddata</entry>
    <entry key="mon">https://github.com/tesseract-ocr/tessdata_fast/raw/master/mon.traineddata</entry>
    <entry key="mri">https://github.com/tesseract-ocr/tessdata_fast/raw/master/mri.traineddata</entry>
    <entry key="msa">https://github.com/tesseract-ocr/tessdata_fast/raw/master/msa.traineddata</entry>
    <entry key="mya">https://github.com/tesseract-ocr/tessdata_fast/raw/master/mya.traineddata</entry>
    <entry key="nep">https://github.com/tesseract-ocr/tessdata_fast/raw/master/nep.traineddata</entry>
    <entry key="nld">https://github.com/tesseract-ocr/tessdata_fast/raw/master/nld.traineddata</entry>
    <entry key="nor">https://github.com/tesseract-ocr/tessdata_fast/raw/master/nor.traineddata</entry>
    <entry key="oci">https://github.com/tesseract-ocr/tessdata_fast/raw/master/oci.traineddata</entry>
    <entry key="ori">https://github.com/tesseract-ocr/tessdata_fast/raw/master/ori.traineddata</entry>
    <entry key="pan">https://github.com/tesseract-ocr/tessdata_fast/raw/master/pan.traineddata</entry>
    <entry key="pol">https://github.com/tesseract-ocr/tessdata_fast/raw/master/pol.traineddata</entry>
    <entry key="por">https://github.com/tesseract-ocr/tessdata_fast/raw/master/por.traineddata</entry>
    <entry key="pus">https://github.com/tesseract-ocr/tessdata_fast/raw/master/pus.traineddata</entry>
    <entry key="que">https://github.com/tesseract-ocr/tessdata_fast/raw/master/que.traineddata</entry>
    <entry key="ron">https://github.com/tesseract-ocr/tessdata_fast/raw/master/ron.traineddata</entry>
    <entry key="rus">https://github.com/tesseract-ocr/tessdata_fast/raw/master/rus.traineddata</entry>
    <entry key="san">https://github.com/tesseract-ocr/tessdata_fast/raw/master/san.traineddata</entry>
    <entry key="sin">https://github.com/tesseract-ocr/tessdata_fast/raw/master/sin.traineddata</entry>
    <entry key="slk">https://github.com/tesseract-ocr/tessdata_fast/raw/master/slk.traineddata</entry>
    <entry key="slv">https://github.com/tesseract-ocr/tessdata_fast/raw/master/slv.traineddata</entry>
    <entry key="snd">https://github.com/tesseract-ocr/tessdata_fast/raw/master/snd.traineddata</entry>
    <entry key="spa">https://github.com/tesseract-ocr/tessdata_fast/raw/master/spa.traineddata</entry>
    <entry key="spa_old">https://github.com/tesseract-ocr/tessdata_fast/raw/master/spa_old.traineddata</entry>
    <entry key="sqi">https://github.com/tesseract-ocr/tessdata_fast/raw/master/sqi.traineddata</entry>
    <entry key="srp">https://github.com/tesseract-ocr/tessdata_fast/raw/master/srp.traineddata</entry>
    <entry key="srp_latn">https://github.com/tesseract-ocr/tessdata_fast/raw/master/srp_latn.traineddata</entry>
    <entry key="sun">https://github.com/tesseract-ocr/tessdata_fast/raw/master/sun.traineddata</entry>
    <entry key="swa">https://github.com/tesseract-ocr/tessdata_fast/raw/master/swa.traineddata</entry>
    <entry key="swe">https://github.com/tesseract-ocr/tessdata_fast/raw/master/swe.traineddata</entry>
    <entry key="syr">https://github.com/tesseract-ocr/tessdata_fast/raw/master/syr.traineddata</entry>
    <entry key="tam">https://github.com/tesseract-ocr/tessdata_fast/raw/master/tam.traineddata</entry>
    <entry key="tat">https://github.com/tesseract-ocr/tessdata_fast/raw/master/tat.traineddata</entry>
    <entry key="tel">https://github.com/tesseract-ocr/tessdata_fast/raw/master/tel.traineddata</entry>
    <entry key="tgk">https://github.com/tesseract-ocr/tessdata_fast/raw/master/tgk.traineddata</entry>
    <entry key="tha">https://github.com/tesseract-ocr/tessdata_fast/raw/master/tha.traineddata</entry>
    <entry key="tir">https://github.com/tesseract-ocr/tessdata_fast/raw/master/tir.traineddata</entry>
    <entry key="ton">https://github.com/tesseract-ocr/tessdata_fast/raw/master/ton.traineddata</entry>
    <entry key="tur">https://github.com/tesseract-ocr/tessdata_fast/raw/master/tur.traineddata</entry>
    <entry key="uig">https://github.com/tesseract-ocr/tessdata_fast/raw/master/uig.traineddata</entry>
    <entry key="ukr">https://github.com/tesseract-ocr/tessdata_fast/raw/master/ukr.traineddata</entry>
    <entry key="urd">https://github.com/tesseract-ocr/tessdata_fast/raw/master/urd.traineddata</entry>
    <entry key="uzb">https://github.com/tesseract-ocr/tessdata_fast/raw/master/uzb.traineddata</entry>
    <entry key="uzb_cyrl">https://github.com/tesseract-ocr/tessdata_fast/raw/master/uzb_cyrl.traineddata</entry>
    <entry key="vie">https://github.com/tesseract-ocr/tessdata_fast/raw/master/vie.traineddata</entry>
    <entry key="yid">https://github.com/tesseract-ocr/tessdata_fast/raw/master/yid.traineddata</entry>
    <entry key="yor">https://github.com/tesseract-ocr/tessdata_fast/raw/master/yor.traineddata</entry>
    <entry key="Arabic">https://github.com/tesseract-ocr/tessdata_fast/raw/master/script/Arabic.traineddata</entry>
    <entry key="Armenian">https://github.com/tesseract-ocr/tessdata_fast/raw/master/script/Armenian.traineddata</entry>
    <entry key="Bengali">https://github.com/tesseract-ocr/tessdata_fast/raw/master/script/Bengali.traineddata</entry>
    <entry key="Canadian_Aboriginal">https://github.com/tesseract-ocr/tessdata_fast/raw/master/script/Canadian_Aboriginal.traineddata</entry>
    <entry key="Cherokee">https://github.com/tesseract-ocr/tessdata_fast/raw/master/script/Cherokee.traineddata</entry>
    <entry key="Cyrillic">https://github.com/tesseract-ocr/tessdata_fast/raw/master/script/Cyrillic.traineddata</entry>
    <entry key="Devanagari">https://github.com/tesseract-ocr/tessdata_fast/raw/master/script/Devanagari.traineddata</entry>
    <entry key="Ethiopic">https://github.com/tesseract-ocr/tessdata_fast/raw/master/script/Ethiopic.traineddata</entry>
    <entry key="Fraktur">https://github.com/tesseract-ocr/tessdata_fast/raw/master/script/Fraktur.traineddata</entry>
    <entry key="Georgian">https://github.com/tesseract-ocr/tessdata_fast/raw/master/script/Georgian.traineddata</entry>
    <entry key="Greek">https://github.com/tesseract-ocr/tessdata_fast/raw/master/script/Greek.traineddata</entry>
    <entry key="Gujarati">https://github.com/tesseract-ocr/tessdata_fast/raw/master/script/Gujarati.traineddata</entry>
    <entry key="Gurmukhi">https://github.com/tesseract-ocr/tessdata_fast/raw/master/script/Gurmukhi.traineddata</entry>
    <entry key="HanS">https://github.com/tesseract-ocr/tessdata_fast/raw/master/script/HanS.traineddata</entry>
    <entry key="HanS_vert">https://github.com/tesseract-ocr/tessdata_fast/raw/master/script/HanS_vert.traineddata</entry>
    <entry key="HanT">https://github.com/tesseract-ocr/tessdata_fast/raw/master/script/HanT.traineddata</entry>
    <entry key="HanT_vert">https://github.com/tesseract-ocr/tessdata_fast/raw/master/script/HanT_vert.traineddata</entry>
    <entry key="Hangul">https://github.com/tesseract-ocr/tessdata_fast/raw/master/script/Hangul.traineddata</entry>
    <entry key="Hangul_vert">https://github.com/tesseract-ocr/tessdata_fast/raw/master/script/Hangul_vert.traineddata</entry>
    <entry key="Hebrew">https://github.com/tesseract-ocr/tessdata_fast/raw/master/script/Hebrew.traineddata</entry>
    <entry key="Japanese">https://github.com/tesseract-ocr/tessdata_fast/raw/master/script/Japanese.traineddata</entry>
    <entry key="Japanese_vert">https://github.com/tesseract-ocr/tessdata_fast/raw/master/script/Japanese_vert.traineddata</entry>
    <entry key="Kannada">https://github.com/tesseract-ocr/tessdata_fast/raw/master/script/Kannada.traineddata</entry>
    <entry key="Khmer">https://github.com/tesseract-ocr/tessdata_fast/raw/master/script/Khmer.traineddata</entry>
    <entry key="Lao">https://github.com/tesseract-ocr/tessdata_fast/raw/master/script/Lao.traineddata</entry>
    <entry key="Latin">https://github.com/tesseract-ocr/tessdata_fast/raw/master/script/Latin.traineddata</entry>
    <entry key="Malayalam">https://github.com/tesseract-ocr/tessdata_fast/raw/master/script/Malayalam.traineddata</entry>
    <entry key="Myanmar">https://github.com/tesseract-ocr/tessdata_fast/raw/master/script/Myanmar.traineddata</entry>
    <entry key="Oriya">https://github.com/tesseract-ocr/tessdata_fast/raw/master/script/Oriya.traineddata</entry>
    <entry key="Sinhala">https://github.com/tesseract-ocr/tessdata_fast/raw/master/script/Sinhala.traineddata</entry>
    <entry key="Syriac">https://github.com/tesseract-ocr/tessdata_fast/raw/master/script/Syriac.traineddata</entry>
    <entry key="Tamil">https://github.com/tesseract-ocr/tessdata_fast/raw/master/script/Tamil.traineddata</entry>
    <entry key="Telugu">https://github.com/tesseract-ocr/tessdata_fast/raw/master/script/Telugu.traineddata</entry>
    <entry key="Thaana">https://github.com/tesseract-ocr/tessdata_fast/raw/master/script/Thaana.traineddata</entry>
    <entry key="Thai">https://github.com/tesseract-ocr/tessdata_fast/raw/master/script/Thai.traineddata</entry>
    <entry key="Tibetan">https://github.com/tesseract-ocr/tessdata_fast/raw/master/script/Tibetan.traineddata</entry>
    <entry key="Vietnamese">https://github.com/tesseract-ocr/tessdata_fast/raw/master/script/Vietnamese.traineddata</entry>
</properties>
