<?xml version="1.0" encoding="UTF-8"?>
<project-private xmlns="http://www.netbeans.org/ns/project-private/1">
    <editor-bookmarks xmlns="http://www.netbeans.org/ns/editor-bookmarks/1"/>
    <editor-bookmarks xmlns="http://www.netbeans.org/ns/editor-bookmarks/2" lastBookmarkId="0"/>
    <open-files xmlns="http://www.netbeans.org/ns/projectui-open-files/2">
        <group>
            <file>file:/E:/VietOCR-5.0.3-src-ndcv/NhanDangCongVan/src/net/Mchien/NhanDangCongVanOcr/Gui.java</file>
            <file>file:/E:/VietOCR-5.0.3-src-ndcv/NhanDangCongVan/src/net/Mchien/NhanDangCongVanOcr/ManagerOfficial.java</file>
            <file>file:/E:/VietOCR-5.0.3-src-ndcv/NhanDangCongVan/src/net/Mchien/NhanDangCongVanOcr/GuiWithOCR.java</file>
            <file>file:/E:/VietOCR-5.0.3-src-ndcv/NhanDangCongVan/src/net/Mchien/NhanDangCongVanOcr/Gui.properties</file>
        </group>
    </open-files>
</project-private>
